<?xml version="1.0" encoding="UTF-8"?>
<metadata xml:lang="en"><Esri><CreaDate>20171219</CreaDate><CreaTime>16123500</CreaTime><ArcGISFormat>1.0</ArcGISFormat><ArcGISstyle>XTools Pro Metadata</ArcGISstyle><SyncOnce>TRUE</SyncOnce><DataProperties><itemProps><itemLocation><linkage Sync="TRUE">file://\\AA.AD.EPA.GOV\ORD\CIN\USERS\MAIN\L-P\mmcmanus\Net MyDocuments\AWRA GIS 2018\R and Spatial Data Workshop\ef_lmr_WBD_Sub</linkage><protocol Sync="TRUE">Local Area Network</protocol></itemLocation></itemProps><copyHistory><copy source="\\204.47.64.66\DFS_GISData\GIS-User\GIS-User-ma-zz\mmcmanus\EastFork_LittleMiami\SSWR_Nutrients\ef_lmr_WBD_Sub" dest="\\AA.AD.EPA.GOV\ORD\CIN\USERS\MAIN\L-P\mmcmanus\Net MyDocuments\AWRA GIS 2018\R and Spatial Data Workshop\ef_lmr_WBD_Sub" date="20171219" time="16123500"></copy></copyHistory><lineage><Process ToolSource="c:\program files (x86)\arcgis\desktop10.2\ArcToolbox\Toolboxes\Data Management Tools.tbx\CalculateField" Date="20160511" Time="091110">CalculateField ef_lmr_WBD_Sub huc12name [HU_12_NAME] VB #</Process><Process ToolSource="c:\program files (x86)\arcgis\desktop10.2\ArcToolbox\Toolboxes\Data Management Tools.tbx\CalculateField" Date="20160511" Time="091216">CalculateField ef_lmr_WBD_Sub huc12name [HU_12_NAME] VB #</Process></lineage></DataProperties></Esri></metadata>
